{"cameraMode":{"drawMode":0,"name":"Shaded","section":"Shading Mode"},"sceneLighting":true,"audioPlay":false,"sceneViewState":{"showFog":true,"showMaterialUpdate":false,"showSkybox":true,"showFlares":true,"showImageEffects":true,"showParticleSystems":true},"in2DMode":false,"pivot":{"x":0.2644021511077881,"y":0.7905000448226929,"z":-1.1926547288894654},"rotation":{"x":-0.16315360367298127,"y":0.5745028853416443,"z":-0.11813204735517502,"w":-0.7933851480484009},"size":5.526745319366455,"orthographic":false}